Spread Pair,Zeta,j (exit),g (entry),l (stop),N,M,Sharpe,Return (%),Max DD (%),Win Rate (%),Trades/Day,Stop Losses
Binance-Coinbase,0.0,0.4686517316626232,1.0216560464998965,8.990045718007112,87,105,302.4472570893718,1.359275000000307,0.014683194258786303,95.38188277087033,281.5,0
Binance-Coinbase,0.0001,0.9234137744882341,1.815278707320242,15.472239447743243,66,97,176.20489898647406,0.5030244487499477,0.00972040134702058,99.40476190476191,84.0,0
Coinbase-OKX,0.0001,1.9613992871037367,3.405508957527848,6.833449938792569,38,106,45.80221631031861,0.06271579374999418,0.005281887387869599,100.0,5.5,0
Coinbase-OKX,0.0,1.634437565587021,1.7151509619323206,7.686536502338402,38,95,111.21165445569937,0.33710000000002766,0.006518165491605431,100.0,47.5,0
